,cname,cid
0,北京铁路运输中级法院,6254204844848834F1990CADE3A585DA
1,河北省石家庄市中级人民法院,A13A93A60B71B1BE1245FB62AAD4B7C5
2,河北省唐山市中级人民法院,198B5FDAFD90591D94F81BB92707AF15
3,河北省秦皇岛市中级人民法院,9C751C0681F2889FE125AF748C608F2C
4,河北省邯郸市中级人民法院,D1685556BB1161812E8B8FC16200E7AA
5,河北省邢台市中级人民法院,9A063675734619720D464F874717D9F0
6,河北省保定市中级人民法院,F326FF6D03BD9FFB85024D764B0F83FA
7,河北省张家口市中级人民法院,7DE287A8B5E68149389246702033E129
8,河北省承德市中级人民法院,D74CF706A2BA8D62E0D35FEC511AFD7C
9,河北省廊坊市中级人民法院,A311064A816FE4CE1DEDE941214C2A29
10,河北省衡水市中级人民法院,90DA40572CBE307A0A890E1A26B1757A
11,山西省吕梁市中级人民法院,6B5D05FB62CCE7644397640009D2039C
12,山西省晋中市中级人民法院,1B495BF359B3F6174FF36A3817C4A1FC
13,山西省运城市中级人民法院,3C20D85563CE0AAFBA8033A20322595E
14,北京铁路运输中级法院,6254204844848834F1990CADE3A585DA
15,河北省石家庄市中级人民法院,A13A93A60B71B1BE1245FB62AAD4B7C5
16,河北省唐山市中级人民法院,198B5FDAFD90591D94F81BB92707AF15
17,河北省秦皇岛市中级人民法院,9C751C0681F2889FE125AF748C608F2C
18,河北省邯郸市中级人民法院,D1685556BB1161812E8B8FC16200E7AA
19,河北省邢台市中级人民法院,9A063675734619720D464F874717D9F0
20,河北省保定市中级人民法院,F326FF6D03BD9FFB85024D764B0F83FA
21,河北省张家口市中级人民法院,7DE287A8B5E68149389246702033E129
22,河北省承德市中级人民法院,D74CF706A2BA8D62E0D35FEC511AFD7C
23,河北省廊坊市中级人民法院,A311064A816FE4CE1DEDE941214C2A29
24,河北省衡水市中级人民法院,90DA40572CBE307A0A890E1A26B1757A
25,山西省吕梁市中级人民法院,6B5D05FB62CCE7644397640009D2039C
26,山西省晋中市中级人民法院,1B495BF359B3F6174FF36A3817C4A1FC
27,山西省运城市中级人民法院,3C20D85563CE0AAFBA8033A20322595E
28,内蒙古自治区乌海市中级人民法院,958AE933DD620DB9737E47B760D1B952
29,内蒙古自治区赤峰市中级人民法院,11C6B8AD98AE82E189761CD8A7DCE5D3
30,内蒙古自治区兴安盟中级人民法院,6F8C7B19614AB3B64381D3ACE7D2396A
31,内蒙古自治区通辽市中级人民法院,94A02BF519BA45242C8EDC3FEFD64730
32,内蒙古自治区鄂尔多斯市中级人民法院,F89F7B227CAB6281070686D683ED78F9
33,内蒙古自治区巴彦淖尔市中级人民法院,B2B43EAB39D7D69A29B1B38689562BE8
34,辽宁省葫芦岛市中级人民法院,FCBB654C924CBA539C79C94667AE8D78
35,黑龙江省大庆市中级人民法院,31DCA2A412472E2E0457EB4574DDBA27
36,黑龙江省佳木斯市中级人民法院,B8598F1D2EBB13AD92AD760DF552BBAE
37,黑龙江省七台河市中级人民法院,962219266EF6DB6693BC057048E8E881
38,上海市高级人民法院,9DBA3AE42A180EAA2A702DB21B665602
39,上海市第一中级人民法院,B4733FF9F2F7C0AD6F7585BA8CBD59E9
40,上海市第二中级人民法院,CCAD6447A2805144CFD022E6FD8841D7
41,上海海事法院,E234AAD50396A06A0D7DCA2BA12989C8
42,上海市第三中级人民法院,B71C568829DF3EAD403F2644FD1C28D4
43,上海知识产权法院,2D706F7FA970EC5499766A86B13AD8D3
44,上海金融法院,21A4584D71BE6D782924B9D1237F3458
45,上海铁路运输中级法院,EAF7DC4858388CD69B09ED09B6C1C343
46,江苏省高级人民法院,001C454FC44DF6D705C13F6C93D41618
47,江苏省南通市中级人民法院,7C2F99EF3A95697CF93DB1DEEE410A01
48,浙江省杭州市中级人民法院,F5E539E2A97F56D40019643064ACD10D
49,浙江省温州市中级人民法院,D3F596FDB6A0D8FFEBA3B8AC052E0674
50,福建省南平市中级人民法院,8C683F6B4BAF60768E5E6F62C988DA3C
51,江西省赣州市中级人民法院,CA822E9692B01321590AA79913F13953
52,江西省抚州市中级人民法院,174B90615ABE62CBF5FA0B4930BA08EE
53,山东省青岛市中级人民法院,EA61D20B5F5417396838C03767D499C4
54,山东省枣庄市中级人民法院,2D584705B085138CE2670377CE4C3516
55,山东省德州市中级人民法院,7C6E939A79DD91C41B9C6ADF8F5D03A1
56,青岛海事法院,D477098C8AF85500DA58E93F9986EAAB
57,河南省高级人民法院,D41DB8346694E72626F31C7771D2FE42
58,河南省郑州市中级人民法院,6B9EEE1D89B864078713049135DAD7C9
59,河南省新乡市中级人民法院,B3E068BA3D8A84ACF7D5C44C3A738B1C
60,河南省焦作市中级人民法院,7317E95E3C9D24516374BFDA1DD0B003
61,河南省许昌市中级人民法院,91B77FB9925EB2770D83D46429698615
62,河南省漯河市中级人民法院,9BD9F86BE176E15AC73CCB32F7F5FBC9
63,河南省三门峡市中级人民法院,CB888A0D86DF9D95CB245EF23159F73F
64,河南省信阳市中级人民法院,EEC0DB21884993364824D8B69CF333C4
65,湖南省湘潭市中级人民法院,B95C6A17D8501B5DEDF4989957D70053
66,湖南省邵阳市中级人民法院,359345683B367210091653CB27B1AE2D
67,湖南省益阳市中级人民法院,9B865A159D492162F912FEA45AB96D12
68,湖南省娄底市中级人民法院,157388DF0471EBCC2B8C7924DBCA0173
69,湖南省郴州市中级人民法院,9ADEBC94FAB829A3FABCD9FCC0340B11
70,湖南省永州市中级人民法院,02373CFFD1B02F348120D45495EF21D6
71,湖南省湘西土家族苗族自治州中级人民法院,5596FFA9F1D9465628A2CDCC4C4ED84F
72,长沙铁路运输法院,7D472C22AE061BF9C95484DAF35E4D04
73,怀化铁路运输法院,EE838830B5A68A60584619F0B1435394
74,衡阳铁路运输法院,EE5D6BEAD347C3943A2D14AD335C21ED
75,广东省汕头市中级人民法院,766206A6A33D4FC912A1F5EB0C8B48BF
76,广东省中山市中级人民法院,C65FA0BC7A096DBABE052CA6256C129D
77,广东省东莞市中级人民法院,086468BDBC37C96DD2F0C31594B89A0A
78,广州铁路运输中级法院,D063FE6FF476D9FE50249D14CF233292
79,广西壮族自治区贵港市中级人民法院,9E041B103D7ED94DF2C2CD85866BA1D6
80,海南省三亚市中级人民法院,D9223FC669A999484932AC538F813F5E
81,四川省绵阳市中级人民法院,DBE19E70FC486573469AD4846EBC549A
82,四川省广元市中级人民法院,00144F974866E5205684BA84A6572E01
83,四川省宜宾市中级人民法院,8427FBF3BEAAE98FD823785C013E2CC0
84,云南省昭通市中级人民法院,814903FC94A86EBB7E27FE36A624B5BA
85,云南省曲靖市中级人民法院,529ED8D5E9A9929E493CD78D91988085
86,云南省保山市中级人民法院,23F0E7E4352B5658F321C3CD94AFA427
87,云南省大理白族自治州中级人民法院,4E0BFEF42570F5B57D8229FB7FA67F53
88,云南省怒江傈僳族自治州中级人民法院,51CBC90DA3FFD0F4A075DB25E2D2E860
89,陕西省铜川市中级人民法院,BC1C764675A733A60654CF1D1D40EF33
90,陕西省商洛市中级人民法院,3A14DDF2747F945DEE4E77BAA81C2E95
91,甘肃省嘉峪关市中级人民法院,0F8846F47977ACC77CFFBE5060491DC8
92,甘肃省张掖市中级人民法院,D57CF5EACBB94AE93C80BC8B57134289
93,甘肃省陇南市中级人民法院,567193CB443A8E6354452B3687CB54DC
94,甘肃省临夏回族自治州中级人民法院,575A64A034B1F71F16E80C9C43890103
95,甘肃省甘南藏族自治州中级人民法院,9B19558215713F9F9986BF5E200CD4F2
96,甘肃省林区中级法院,99E13ACA10975531C82DEDE5BE5418F3
97,西藏自治区高级人民法院,0E968DD684AE5D9FB53115672A99FFAE
98,西藏自治区昌都市中级人民法院,2A144F5B2C206BEB10CE4DF4EAFE80B6
99,西藏自治区山南市中级人民法院,EB494ADBB16499303374B2364057EF1A
100,西藏自治区阿里地区中级人民法院,78ED7579E10B3ECFCF44B96E5DFFD77C
101,西藏自治区林芝市中级人民法院,2520EF10382AA6891F186285D17AE51B
102,北京互联网法院,95479089CFE69AB410A5F7A9DD11AABF
103,北京铁路运输法院,82FADAFA7436C9FFD3EEA9BE0D88FEE2
104,蓟州区人民法院,5978628538DD14CFCF35AD3323A60188
105,天津铁路运输法院,9A6C60AB29A043C2F71E8CF630F763C8
106,天津市静海区人民法院,D9E30A9E8548067685256BC2DB974A42
107,天津市河西区人民法院,44DF465CC4A4F0CECBF643897E406115
108,天津市津南区人民法院,7F7BD59903736FDF005D5353B7E78506
109,天津市宁河区人民法院,76A4B58340ABDDB4528FECBF0FDBAE3E
110,石家庄市长安区人民法院,97650777D1ADD68107C1B39BFFDEE727
111,石家庄市桥西区人民法院,75CB0D08E5CEBD1712BFC1F64DD22613
112,石家庄市新华区人民法院,ACF915D971380CBA4D7B319C75F63F44
113,石家庄市鹿泉区人民法院,8C088F26B61DBD6EB4AC8951A8D80C31
114,正定县人民法院,307BF71C0EF34672ADD1F8C9EF033299
115,石家庄市栾城区人民法院,21F4E27CDF134CA943563562D6D3A427
116,辛集市人民法院,47EAF9593A2A51EF139F995CCCAAC8C3
117,石家庄市藁城区人民法院,B4ADCE0448EFB118B77CE0336F8FFC62
118,晋州市人民法院,E1BE1EF026A098946C9CBD5F916D311E
119,深泽县人民法院,E462A88BBB711F7084E0403EEC5B17EE
120,无极县人民法院,D1D90767EEFA56D7E18673BF85BBE615
121,赵县人民法院,1E00EE6CC738E0C40E6880D02E6E34D7
122,元氏县人民法院,E0381AC31B1AB348497CAEF5922B0F86
123,赞皇县人民法院,BFB7501224A0572EC7016585961BCCA4
124,平山县人民法院,B3206ADF111B8EF7B9A59FAC67A6539E
125,灵寿县人民法院,9969D11AFB60A387FD9396C51C29B206
126,行唐县人民法院,1DC272671335CFD457E3918AB48A0E14
127,石家庄市井陉矿区人民法院,77D049FF7BF2A77EE2989A5933CFC9B6
128,石家庄高新技术产业开发区人民法院,34DDD2272216F92CE2554AB8F937F06F
129,石家庄铁路运输法院,94FF88FB7A22EF67703B2BF7705E0111
130,唐山市路北区人民法院,484C76371F210606FD7B6BC2C594659A
131,唐山市开平区人民法院,0BEA16F2742902CCD421E5B6C23DEE0F
132,唐山市丰南区人民法院,9F32B9E4A81458D0DF89386AC4AEAB4C
133,迁安市人民法院,72BA6D1D592DF1CB0B8A88283A1818BE
134,迁西县人民法院,7705CDA84E298768E06FECC3B3BAD158
135,唐山市曹妃甸区人民法院,BB1B54DD45ADAC1E57B06072C51A3166
136,唐山高新技术产业开发区人民法院,5A1AA7AEF46BA389A3D76A18BCB4FFC6
137,秦皇岛市海港区人民法院,468AB12F5E07F0590EEAAAE385841CEC
138,秦皇岛市山海关区人民法院,8219259F8E79864B05381BAB1DC43316
139,秦皇岛市北戴河区人民法院,B52DD1B76AF9018A7E52AC5C623489CD
140,昌黎县人民法院,9C397E6371C9CEFE4205ABFE544992EB
141,秦皇岛市抚宁区人民法院,C0F27577A829CD41FB36E143BEF37C32
142,卢龙县人民法院,6514812AF03CB71F9A77FDF93D4BF7C8
143,青龙满族自治县人民法院,3D753246BB234E13D0A10C84484A470F
144,秦皇岛经济技术开发区人民法院,43DD018BCCE9412221204CD71E82FBFF
145,秦皇岛北戴河新区人民法院,E24CB537107175C0B1D0F6C838CC488A
146,邯郸市邯山区人民法院,7B6103AEAC5D06E3858CAC7A5C510FE0
147,邯郸市丛台区人民法院,51D5C010C483E02ECCDD505A7C1C9ECD
148,邯郸市复兴区人民法院,B619346A2E33590C7EF3B92CEFEC6C38
149,邯郸市峰峰矿区人民法院,D3C93AC9507E185D72948CF5ACD9C2A0
150,武安市人民法院,887DC71528DD47688E2603213102A66E
151,大名县人民法院,D1B7854D631D5AD9D050DE625DE9B843
152,魏县人民法院,D6DDF4FF6DA68806BC0A01806ED5200C
153,邱县人民法院,FF31546082EB261BBF817CA15BB7A079
154,鸡泽县人民法院,59B2B8E31D254F8F19E773D2F1087A1D
155,肥乡区人民法院,CAC7C2A72927CCBB20EF8A24E512D7F2
156,广平县人民法院,FDD5D7A951905F7B9F69214E7FF0CDBC
157,成安县人民法院,494F658446809081437D56118CA4DDFC
158,临漳县人民法院,BF1BCC1C4A83DB93578A7D6240D3418A
159,磁县人民法院,8D17C9A8C598BBC50DDD5D875FF09256
160,涉县人民法院,46DAE1445BEF70C3EEB6EEFCB49DEB3F
161,永年区人民法院,6B70E0EE319BDF4F4C4CF0CF62C2412A
162,邢台市桥东区人民法院,7865B9A93500798213C5242D04F19BB2
163,邢台县人民法院,07513DB25F65224720C1920D63E70A29
164,南宫市人民法院,8D8864E9A3ECC3FE44BAF6A944056AC8
165,临城县人民法院,C1B01F89A9221941C41F927449B34990
166,内丘县人民法院,2BECA5460CBA7C0C5E7E1A22278CA490
167,柏乡县人民法院,A14679A00256850E30A3DE8E0764D697
168,隆尧县人民法院,BFF43A8D794AE3E592DDCF2A167C13F8
169,任县人民法院,7B45B824E55C28EBAB5461F077A6723D
170,宁晋县人民法院,1F582D450ABAB6BA8F6F34F3B5CF4819
171,巨鹿县人民法院,F82B28D10C8D4696DA8B4E9E86EEBE52
172,新河县人民法院,99B7110514869F802D34210815544D0D
173,广宗县人民法院,F7EBCA78D5407F5A2BD0D92C9B27954F
174,平乡县人民法院,B7C3949E3EEFF2534C455080095843F4
175,威县人民法院,34EBF42BB90B406CD4A8D8CE1D3E4F78
176,清河县人民法院,8376EB83666E6E1173F91040852B0874
177,临西县人民法院,764655A50C4E9B2A047BF6768B2FC686
178,邢台经济开发区人民法院,ABFBDF0DF59016026889BB8E6C38F20B
179,保定市竞秀区人民法院,28E46CEFFABF2F26EBA8BA5BFF69F8C9
180,保定市满城区人民法院,4CEA61D6EEBC59A279D85BF0D4D9E8F3
181,保定市清苑区人民法院,E7D1B4EA01A0F38CE6B8B84CF0211FF8
182,涿州市人民法院,2C0A97ACF950074CA5BA8F59442CD4E8
183,安国市人民法院,D04E87F7CC72C1681361841A785744E9
184,易县人民法院,7DAA3EC06DFBA869CDE1597B26E3E002
185,保定市徐水区人民法院,9D6745013E2279F1A8B5F12FE4FB69B0
186,涞源县人民法院,180150F3913AD6CC01AAD1DB211543D0
187,顺平县人民法院,C1A56B71A4CCD384A60EF32D7DBE906A
188,望都县人民法院,94B781577BDE4B117E2B9B6C3B064DF9
189,涞水县人民法院,D442CA555D1D5099432B4E1793BE10BE
190,高阳县人民法院,17E1FFBD1082F61C18CBFB6C9FD6C2B4
191,安新县人民法院,498069B568EBB841BFA84B85AC4FAD88
192,雄县人民法院,F72AEACFDC3C680F74B8DCA72DCF9919
193,容城县人民法院,A2B5688547B8515C56797CFC1A43745C
194,高碑店市人民法院,691133FCA420BC472D5653471867AB77
195,曲阳县人民法院,E937255725AB670FE06C296F34150ED1
196,博野县人民法院,5046917C781D4AFC5236BBFE69F5E2F4
197,蠡县人民法院,3FE6865A4BB2D3DE9ABA1F11E29F84D3
198,保定市莲池区人民法院,E960724A10DEBF089F94A3E7CCF3AAE5
199,张家口市桥西区人民法院,166521DACC90C8DEC53462052E02B53E
200,康保县人民法院,FA7F68FCDF86180CD8BCACB65165C61D
201,沽源县人民法院,297A9F7E1377191B49D10B84F4CB3AB0
202,尚义县人民法院,230D617CA6C2637B743C7B75A167AEE8
203,阳原县人民法院,5A6D9EEE4C018C7A2D8AE8AAA6779C13
204,张家口市万全区人民法院,F095D9889B600F27EBE9749B68EFD49E
205,怀来县人民法院,8FF10C12159B07B881D0ED932A1ED8FA
206,赤城县人民法院,8363055512760F8E4D1DBC0B5BAB84BE
207,承德市双桥区人民法院,E33E114FB9B2DC8007C93B3690ABB8C5
208,承德市双滦区人民法院,3590D1134141CC383CF9796EF530757E
209,承德市鹰手营子矿区人民法院,8C4076A381B6D4B00B0ABD724F4298FA
210,承德县人民法院,F2D665C945DA6B381D34AB0E0C84DD1A
211,平泉县人民法院,F2A1150F6DB5B1B842208AEB34C0BBD3
212,围场满族蒙古族自治县人民法院,874521589F6C86F2935080C36E288A84
213,宽城满族自治县人民法院,4B9F9AF4A6EABE8B47CCEFCF8FB4557C
214,沧州市运河区人民法院,0280C961C6AB1F442DB8A598BBABC521
215,青县人民法院,A1092FD19EE2CEDA436A5EFA01EB1218
216,泊头市人民法院,50EECA5F16B0A368B2CE1B08C216A579
217,任丘市人民法院,00A20C3677BEF5D66D0E9EF11EEA8299
218,河间市人民法院,90BB8165C58E424EE8C32D8F878410FC
219,肃宁县人民法院,4DF01E62EFDFA7023DB4031C2698EDFD
220,献县人民法院,CB08D25D36A79166431796CE68250EBB
221,吴桥县人民法院,4071EC7CA020554A46F8938D7DCCCED3
222,东光县人民法院,CB95BC9B09AFAA8B6E74EB62156C8840
223,南皮县人民法院,8FB25942964242C9A530BB999F6EC3D5
224,盐山县人民法院,F594093AA8BBBC99A68045A2768233FE
225,海兴县人民法院,B279E50AADDAFA8B8F28B3063719C954
226,孟村回族自治县人民法院,F2CA716AD873EB7B8E0BB48A943FF9EE
227,廊坊市安次区人民法院,DA2413E3D212BFC0AEAFABC82FBF2099
228,霸州市人民法院,60CBE4805D6D7A75B3420F988C7E20CD
229,三河市人民法院,1443461F0CBDC0183088415AA393C740
230,香河县人民法院,E7A0C99B9D436BF34A31F83B73C1773E
231,永清县人民法院,52F2BCCC742EAFDE80D32ABEB94B53B4
232,固安县人民法院,25165437E0388C8D683CE70A29E13F5B
233,文安县人民法院,4DD205C49C92A006636E23F92D7686DF
234,大城县人民法院,3A180D52A0FDD34AF58A26CB8EEF3AE4
235,大厂回族自治县人民法院,866573BD995959ED09528AA4F2F04568
236,廊坊市经济技术开发区人民法院,DC6FE617520EE9958F30804F2E58FBB9
237,廊坊市广阳区人民法院,B36C1ABB9634AA5EB3113B89FE521661
238,衡水市桃城区人民法院,01864602DB3EFD446E9E386E9A54DCF4
239,衡水市冀州区人民法院,38A9BC6D698293F876C238D7D99E6CAF
240,枣强县人民法院,F37E70A99B1EA49228A96F8D2243F4CF
241,武邑县人民法院,D14BA86AA0C850421CD92E0F21E2B1F2
242,深州市人民法院,D87675A2B18D3EE31C1CA30CAEB81463
243,饶阳县人民法院,CDD854660927E1FA85BB95F1F86C74E3
244,安平县人民法院,292DD75785E2182299A0E4E706320702
245,故城县人民法院,468C94D084AFCC01233AF5C363C1A6C8
246,景县人民法院,7D00D1D0030249307D62189045E865C4
247,阜城县人民法院,B7A69FB21973E081DF27157B9521DEB3
248,太原市迎泽区人民法院,A9E4916661F2A68712B0B19E256C7990
249,太原市杏花岭区人民法院,F5DFE76C9935ED2665B6587301EEF930
250,太原市尖草坪区人民法院,629A0A688CE0703AED0552FC95E96AD4
251,太原市万柏林区人民法院,49BF222247F223804A0F79695283C799
252,古交市人民法院,3375632F29F9CB0AD3D5E8D25B525CC0
253,清徐县人民法院,D160C0B348CED0A9A24DCDAD000371CA
254,阳曲县人民法院,F72054C9CEC420C2D0D111B9F88574AA
255,娄烦县人民法院,5610E5205AC6C37A0498A00D31245AE8
256,太原市晋源区人民法院,C607EFEF6F42C8AC58C6F0849B8E9689
257,阳高县人民法院,47008B15BA53DF95F38655F23966EB88
258,灵丘县人民法院,EE6BB846C8143ABE4DFFCD8364C59526
259,阳泉市城区人民法院,FBF8FE04CA41D400C4BBF6E8FD7332C2
260,阳泉市矿区人民法院,B3DB2EB2B4FD7E1A76B37E7CDAB9D29E
261,阳泉市郊区人民法院,A595ED1BED01DB523BEDE921D4A1204A
262,平定县人民法院,82D6B57A2229EDD7ED879D7177694EFA
263,盂县人民法院,77CD7356FF411F12D9F432B9183324DF
264,长治市潞州区人民法院,EC45582B317FB326632A201390374673
265,长治市潞城区人民法院,6B14E9D26E5B11CACF8F869AB98B37CE
266,黎城县人民法院,81C69116C7897D308B581CC9AAD71FA0
267,壶关县人民法院,C678CBC91F9E25DC36518945A9A73153
268,长子县人民法院,BF01E4046D759F5EC73FF349EE6F04D4
269,沁县人民法院,DD61CD29C72C07B6E49EEC82623E92FA
270,晋城市城区人民法院,0761127DD054603331520A5D2DD629B1
271,泽州县人民法院,BF1CA6B9B60E7457C94DA3BC86E2A3BE
272,阳城县人民法院,D11B7D41DAFBE6FABE15482355959728
273,陵川县人民法院,C3A9962874C8AD9F4F50CC1113F582D5
274,朔州市朔城区人民法院,E8E5B11CCE26437062982D726966C030
275,朔州市平鲁区人民法院,8C1DC8DC30605821C3E4230CD5633756
276,山阴县人民法院,A1FE34712D09EA87DDDB3AB81D6FA0DB
277,应县人民法院,9F2C434CC69C4F0DE76C0DC817D7DC52
278,右玉县人民法院,0B90ED92B9F3C9168DBF8968662E3EA0
279,怀仁县人民法院,B3762430539D24A2438FE3F89A14CA68
280,定襄县人民法院,3ACE1513F1E1EA62C6CCD4B3DEDCF052
281,五台县人民法院,18CD766209D65CA6AC13A9738494ADEB
282,代县人民法院,091B3BA9B8BFE9FFCD6ED13E11464582
283,宁武县人民法院,137788916FC580341374EBF0E2CD1CA0
284,神池县人民法院,335C4AA98C9ED3EAF56030B3E5EDC401
285,五寨县人民法院,DAC32A065443350EC117127EE9BC1E8A
286,汾阳市人民法院,ACCB47DAF87C94CB2D97D69E97C552FE
287,交城县人民法院,74A7ED03DA3A85F2DD77F657CC9E3D41
288,孝义市人民法院,14CF2B832F77C087BFA06313CDBF8907
289,兴县人民法院,EC50C114124D29499CBB2D388D62778D
290,柳林县人民法院,6A6F46260E6C94931E017BB87E5BFF5B
291,岚县人民法院,6E08DF8808A96D02D01E05028617A577
292,方山县人民法院,6CA489981A4C084B85D9654D39423513
293,中阳县人民法院,D2EE695285C671C019DD460B4838916C
294,交口县人民法院,1235900E9B9CF44DE3958251D73622EE
295,晋中市榆次区人民法院,32A2D587520E21DE79E7DA68FA943446
296,榆社县人民法院,E2848CE28A5EF854A1170CA701254557
297,昔阳县人民法院,F2BB02DF59E083D43C9B40D0A44F87ED
298,寿阳县人民法院,7F413926A2C0173CE0EB8C30E2F21E40
299,祁县人民法院,01D61B1B35D1920B2D19CD5860DFB9F3
300,平遥县人民法院,E4ED88B16F377BA918FF0664242BAA73
301,灵石县人民法院,FD17C42F41E73339361AB689E4D07260
302,临汾市尧都区人民法院,01F3D49833B968BC74E405F70FE66F3F
303,霍州市人民法院,A70410210F8BC70635BA5410A1709DCB
304,曲沃县人民法院,92D919D1BEEC4B9FE898AC875AE3AF99
305,襄汾县人民法院,7BF955891BFDCB1828D43B670C237BB1
306,古县人民法院,5EEA5A3E4F132547673874DC9599608C
307,安泽县人民法院,108CF200A54D12E9EB2F2A96AD4C8CB3
308,浮山县人民法院,3B3CED4846B7EB20853ECF95D9D7EE63
309,吉县人民法院,FDC84146A6C43991E0D79A2F2A7C389A
310,乡宁县人民法院,6A996503B575185BDB4C746B6F0D457C
311,蒲县人民法院,2DF3926145A728551D95EF0AB5DBFEAA
312,永和县人民法院,DFD1354307992F6B6A4B75E22CCDA268
313,隰县人民法院,F9BA47973559D7E6F06F51F54A542D2E
314,运城市盐湖区人民法院,6E5106491E2B3B32AC4B6C54E7D25F12
315,永济市人民法院,54A416A534E6C083F180AA5D6407A1D5
316,芮城县人民法院,793254D151EE4DD33C227474049A17F2
317,临猗县人民法院,9B527373CD9511679337B89FF2CA6D67
318,万荣县人民法院,8962240B447ED50E326E3415948D9A3D
319,新绛县人民法院,66A75014AA013B0AF01F3F114A654D26
320,稷山县人民法院,D6A1FC5CBDECB3F5AFE773AFF03BB12B
321,河津市人民法院,B3F4AC3CEB70E6177F29C906CDF7DD08
322,闻喜县人民法院,B1B1BEA514232320849714099E2B8188
323,夏县人民法院,7B41542D4A75CC65A58D5CAA10A2315B
324,绛县人民法院,DCF4414E1F7B47A53135E472DD2F2CB3
325,平陆县人民法院,A0615FDB8D3BB882773EA5F6E0010101
326,垣曲县人民法院,BFA0E368F7C626D06791BF70952C2BDB
327,太原铁路运输法院,5AB700D8343F8B0DE4BCD33FF137931A
328,大同铁路运输法院,7EDD582CF2C06BE0D1496BA06A0B579F
329,临汾铁路运输法院,EDBDFB9D9C5EDE8D48F52E83B7EC660B
330,呼和浩特市回民区人民法院,D4D44393E54E77377CC47E70B4443431
331,呼和浩特市玉泉区人民法院,BB41954261471857F7AC68C52DBE776E
332,呼和浩特市赛罕区人民法院,7D4327AC4944207493687C495C18E613
333,托克托县人民法院,D667C4DA40BA6E10FF7F3226B9A181AE
334,武川县人民法院,2B6BB8539DCC68CAFEB1A20521B44C58
335,和林格尔县人民法院,2ABE0253237E6A6D4554485185075CD1
336,清水河县人民法院,4837B8E0E052C0BC7EDC95C43F51979A
337,包头市东河区人民法院,D739CD5FDE31F710521EA5B49E634A2D
338,土默特右旗人民法院,C4550C1C206AC408AA1F6D5E1C88F1E8
339,固阳县人民法院,A0BC8278650ADCECF5E63FF25FDEEDF2
340,乌海市海南区人民法院,71BDB986000D2383C1ED9E35B29679D4
341,乌海市乌达区人民法院,58FEAF9C0CE7864AC00FB2374A36CC08
342,赤峰市元宝山区人民法院,C298D77CD5DC1AACE8AF3B01A085071A
343,赤峰市松山区人民法院,00D9705071232565D70469AA0974A0F6
344,巴林左旗人民法院,BE12BE0CD71A47E27E185424BBD10007
345,巴林右旗人民法院,42EDBB91C66F749F4BB134B09FC280CF
346,林西县人民法院,4EF399F81D5A74455E03D8499DF66013
347,喀喇沁旗人民法院,BA7F67B32A043E58BECDF24FE43225A0
348,敖汉旗人民法院,51AAD2C5B9D480F0BD9D83B42AF93D2C
349,呼伦贝尔市海拉尔区人民法院,F13C66A228FAEFE45D8B6B6D58B9099B
350,阿荣旗人民法院,606AB696C35751F75465C34B4B069A9E
351,阿尔山市人民法院,DBC6E0313D7655028809636063D11228
352,科尔沁右翼前旗人民法院,03E00C60E216CC54B5A190AE0328D9E9
353,扎赉特旗人民法院,7FA7A007CE60674ADFC81460E1544B2F
354,突泉县人民法院,4E9F4F3EC4AAC6E475A9D8F67B5242F9
355,科尔沁左翼中旗人民法院,D428E7B84FF156A0809D8C1BA55FDB57
356,科尔沁左翼后旗人民法院,1A8A5A87CDDD3047E33521B9E56CB2DE
357,开鲁县人民法院,3E93C37FD8991D8C346D6521277F722D
358,奈曼旗人民法院,F373E7A93E817A2DFE766576861D3E2B
359,库伦旗人民法院,7BA222C1FB4F893793869BC1D612B8CD
360,扎鲁特旗人民法院,16E4D75D47CC2E67008D2A6940DC64FB
361,二连浩特市人民法院,98E3C3A228128FC0007C501AB11452A7
362,阿巴嘎旗人民法院,A689E0ABA3AE393AA6B8EFADC1A03028
363,东乌珠穆沁旗人民法院,7E35F12D52883BDE9A34638B85869BE5
364,西乌珠穆沁旗人民法院,01B806BBCE6B270AD3C9CD3A4BAE6EF5
365,锡林浩特市人民法院,8E8CAB2F639BB4C5EE06950326D7B303
366,苏尼特左旗人民法院,BA74D0D9086433AD4FD8411E4AA41A53
367,镶黄旗人民法院,B55361E9805829CE6ECC28B730C309D3
368,乌兰察布市集宁区人民法院,C376CC1BBA1C516300A6788DDA526C52
369,卓资县人民法院,73440A6C52F822C43F7C9848AB759363
370,化德县人民法院,AB0609E05121CFD5948F605D74F8BC94
371,丰镇市人民法院,268C12549BD0AC490E9FBA32BF056BAD
372,凉城县人民法院,29B20246FEE7A73F1D16E870A7BAE458
373,察哈尔右翼后旗人民法院,0A94BDD94CB0180380DB647AB050BB78
374,鄂尔多斯市东胜区人民法院,61BF6EEB2913E1A68A4F86BEA917E0FB
375,达拉特旗人民法院,3DCD27E56959C0EFAD280B4A8B1A5140
376,准格尔旗人民法院,910A32EAD6CB880A4ACFB6DBA7A63C7C
377,鄂托克前旗人民法院,FCAC5BDFADC70D5B98BCBBDD15D7C690
378,杭锦旗人民法院,CF18516A616C64A7383D86F8392F6715
379,伊金霍洛旗人民法院,1319A16B8F60129534A5A62733F5462D
380,鄂尔多斯康巴什区人民法院,5E6B32C0A36C3C6694666AC038F93E09
381,磴口县人民法院,B3046A13FE48C71EB1B3EFA6493CE12C
382,乌拉特中旗人民法院,E95707070B1C3F15974F7A6D93212E46
383,杭锦后旗人民法院,6495DF05036B3645EFCCB62FE85193B8
384,五原县人民法院,3BF9C715A7DA5225E8030782FD3B75AD
385,乌拉特前旗人民法院,89F42C30E6D45F0C9F7A477332D29620
386,乌拉特后旗人民法院,DBA60B554B746E409C386827C31731EA
387,包头铁路运输法院,F5AF2973CABA75AE8E962191BDCADD38
388,呼和浩特铁路运输法院,E6961AB0C911C9DA15DFA10765CA4E27
389,通辽铁路运输法院,F2B102A262CCBADA49A9AC3D48228EEB
390,沈阳市浑南区人民法院,2CB5F0DD3035524E714005FD9D6305D7
391,沈阳市于洪区人民法院,A8C9FFE1B55B045FD25449D2983F350F
392,沈阳市辽中区人民法院,7D10289014563A81B75252704197F60C
393,法库县人民法院,02A542591C7F565478532158E08EB291
394,大连市旅顺口区人民法院,826B3FAEDA49069D7501642DA8EE9743
395,大连经济技术开发区人民法院,08373906A3AFD232DC4A5650FCBBA586
396,庄河市人民法院,58D2DA183F2ADD68DD6AE9717CB58DAE
397,长海县人民法院,9FDA736C4B1FE828FAD318F63AC516CD
398,海城市人民法院,92CA076107623F4A184BB5273684E464
399,台安县人民法院,01B21F1BBB568AA6FF17BB0A42C514BC
400,抚顺县人民法院,108F09349773BC7F4A0F382304E22A72
401,本溪市平山区人民法院,8A34FE4DA8D810761C0904183FDC3164
402,本溪市明山区人民法院,DE77A96AFCD314E6A57FBB5CD2D42D59
403,本溪市南芬区人民法院,BDF632BB8B063053543782718B50A1D2
404,阜新市清河门区人民法院,0FBA4E8B74E71F6836F41FBEFDA15A31
405,辽阳市宏伟区人民法院,4EDF4667E4622BB4AC3BF0AB112439FE
406,辽阳县人民法院,56C931F72E29BA553CD0E67698B61752
407,盘锦市双台子区人民法院,A179B9D29936F64A089181B9E6CEBF42
408,葫芦岛市连山区人民法院,E0425601775E36D45C5444E1BC4710A3
409,葫芦岛市南票区人民法院,F3F7D0033E59BAF4C36BC95BC740586A
410,辽河人民法院,66DC4980CA5487D76948F79CA50228E2
411,吉林铁路运输法院,354D48A6C4C2B0513BF0AB912ADA7704
412,哈尔滨市道里区人民法院,FFCB0A441257634D6AFCE106C63650EB
413,哈尔滨市道外区人民法院,B84D57B9E83CEAE6A91CF180E4475CA7
414,哈尔滨市松北区人民法院,548918478BECA2C41A7F528C0328405C
415,哈尔滨市平房区人民法院,71EC81686B97FEF950353E002283A9B0
416,方正县人民法院,D775F931EDA593600252006E21FCE7BB
417,依兰县人民法院,5A7A3BC4B4E55EC6D12FC158C46B72E9
418,尚志市人民法院,FB0114F7A4540FBFC3CCB177E50AA027
419,巴彦县人民法院,F4FB95C0A9FA266324D80C15071007E4
420,木兰县人民法院,1FCED64F6B42825A189C8EDE9360135F
421,通河县人民法院,C5C6D2B107BE8B1A6A79A04A13CBEAA7
422,齐齐哈尔市建华区人民法院,D37CECD864C1D645903104139AD042D2
423,齐齐哈尔市铁锋区人民法院,16EA4E71CE0D9D76CCD9D1B62F521A57
424,齐齐哈尔市富拉尔基区人民法院,39CA03442CFD05D4B6F86F25EE29B000
425,齐齐哈尔市梅里斯达斡尔族区人民法院,3EC60F30975BDF35931C1DD952300CB4
426,龙江县人民法院,BF4440CBB594B628A861BB5EF5027239
427,讷河市人民法院,4ABDFBEFBD593B431AA36E4DF1FD6D85
428,依安县人民法院,86FE08A2AAB42080C855099D40CA8803
429,甘南县人民法院,327BE8D9477AB36825085549D1BB5D7A
430,鹤岗市向阳区人民法院,118839DE6BC7478E4FDBE06AE231F066
431,鹤岗市工农区人民法院,6AED64FAE7BBF3AA4F1BB7525F9C9725
432,鹤岗市南山区人民法院,3F9815100CE85C4212E5B14592E76340
433,鹤岗市兴安区人民法院,DE759020E5964195745332793F6AC99A
434,鹤岗市东山区人民法院,4815E7A734C89DD1FED7CE8A60477775
435,鹤岗市兴山区人民法院,D6180C8533A0E0B2D376A5CCA54330BA
436,绥滨县人民法院,F7828E42CB92D488B63A59D0F5E33822
437,萝北县人民法院,58E5951658BE4481F4D6338C16E94789
438,双鸭山市四方台区人民法院,26F064393840D6A03CC15E33E1B49E76
439,大庆市萨尔图区人民法院,49E1ED9BFDE939A8A15AC2DCF887B8A6
440,大庆市龙凤区人民法院,890CFD359FC6C7F70E742BBDDB133902
441,林甸县人民法院,C9EC0CA51D410A70C2F4A8A8A47491B1
442,杜尔伯特蒙古族自治县人民法院,D79D957A477CF71B7FAD562687551F6E
443,肇源县人民法院,DA441BDE551021EACFCE9889D0051318
444,大庆高新技术产业开发区人民法院,09A5447B51339F498EA7425971326AC6
445,佳木斯市前进区人民法院,7398AE6D2CD7EE4CEDA445CBA8F8244A
446,桦川县人民法院,861CAEB7CE40C0EA372F8B2AD89A44FB
447,七台河市新兴区人民法院,EF33603DD8065F1A3CDA275F3C4CFB8A
448,勃利县人民法院,BC11D490CEC2FDE893E442D900358D58
449,孙吴县人民法院,11E53DB550D76A2BA4DE7859F1448653
450,大兴安岭地区新林区人民法院,008EECC1EA4DB80713F8E9C29124DC54
451,呼玛县人民法院,84FB6689FB97AF006BBE6E9D7105FBA1
452,十八站林区基层法院,F015113E2B3BDC96B08E35B38D682219
453,东方红林区基层法院,AC2BD266A766CB3F6E01E912ACEF4928
454,苇河林区基层法院,DEE8E8AE68A075EAC6CB4C0865BFA83F
455,兴隆林区基层法院,B296B2B18F622F5F2D433D7E8DD00F74
456,山河屯林区基层法院,29810A68C78B9D686C77C24624FABE18
457,沾河林区基层法院,CA145D7F2BFE9AFE753CFE80C065CAF7
458,双鸭山林区基层法院,293211B73390840E42F90BCDE92EE7B9
459,东京城林区基层法院,99F5B9C55D74B06F403BED0D2309394D
460,林口林区基层法院,35A4C213A2EC931F06D958655FBB1BC9
461,建三江人民法院,C67E0C89F4A56866D55BF5C0946597BC
462,红兴隆农垦法院,C729EEDC5042AED9AF66C538E2777D7F
463,绥化农垦法院,2DD65255EA43F524D9E1D83661E64C17
464,齐齐哈尔农垦法院,68422995BDC810E072CD9AD5B261BA54
465,牡丹江农垦法院,5BC58AF03AA46AF52B2D5D0BC6E81046
466,齐齐哈尔铁路运输法院,869AD99A921AB51512DA71CE37A3B290
467,上海市徐汇区人民法院,CCDA5349B65573379F9B73770F5D619D
468,上海市闵行区人民法院,9438DD7BA88F7030E68D3CC554BCE2E5
469,上海市浦东新区人民法院,515F164FA2FC5A491B1D9AFD57CB6214
470,上海市奉贤区人民法院,8B968682F54A6AAF4F87ACC1800C624A
471,上海市松江区人民法院,F705A8C0AD67D1172404206095E16724
472,上海市金山区人民法院,C853659511F8C1919010A18672570064
473,上海市黄浦区人民法院,859181097501343EF90E0DAD36CDEB8A
474,上海市静安区人民法院,877B1847A5BA79ADD7BCAF7B8F607AEF
475,上海市普陀区人民法院,9980DE349F9563E83BE7D49C8D78E9A4
476,上海市杨浦区人民法院,C8C46F714121F30C67BECDB6EECDF51F
477,上海市宝山区人民法院,84E0E763DDD243346F1CA6FC882C3381
478,上海市嘉定区人民法院,A18E753AAF41C2AEA8F6D7CA89C4309A
479,上海市青浦区人民法院,283DEF20338DF21F91561595C4A7C806
480,上海铁路运输法院,44F510AE4AC0DD7707F6BC51C518F78F
481,南京市秦淮区人民法院,DC625E9FAB253A49DF9A51EE3A6DFBA7
482,南京市建邺区人民法院,EF881137107FCC4B9B5FF52DBAA507E4
483,南京市六合区人民法院,39F9ECE44FB1464E0D14B351F4F5A49D
484,南京市溧水区人民法院,7F0AF99008D9970BC416ABE535CA1E0D
485,徐州市鼓楼区人民法院,DF8751D03DED55D18E549B256A774D18
486,常州市金坛区人民法院,5125049713F0AD38E4E85B4E6D162F29
487,常州高新技术产业开发区人民法院,C17021740F602E73371A0E15ED37F717
488,常州经济开发区人民法院,F1DF921E74553605E7409450A47FE28E
489,苏州市虎丘区人民法院,86EE1AF24D4CA651D3D15425AAD04FE3
490,张家港市人民法院,A376B72240352D2B286CF092DEB7006A
491,苏州市吴江区人民法院,1753E0E22EEFA245BD9543EB107C7FE2
492,苏州高新技术产业开发区人民法院,65A37EEF853DD5A346F49DFEA1002C25
493,南通市港闸区人民法院,28B11F45AECC3E94BC723809CC080799
494,如皋市人民法院,1CCBD91E52041AD2B05EBFF7BB79CBA5
495,南通市通州区人民法院,844A1E42F82B0EBF27C817094231F80F
496,海门市人民法院,4CA3FA60A599A801D42D668F08DEDCFF
497,连云港市海州区人民法院,8642F47B13666667B4C71B4AE3660933
498,东海县人民法院,EFF1DD2909A816AC72045A2C0F3FD68C
499,扬州市广陵区人民法院,855C99F40B67A7A66C8549F818700924
500,扬州经济技术开发区人民法院,0B274C2A1A8400DD1E817B54BFF7D7EF
501,镇江市润州区人民法院,895FC96769116197F0711D2D779A39B0
502,扬中市人民法院,E5D53210AFB2790957257CAD059011E4
503,泗洪县人民法院,2A35CAB36A24E94E8C6090B0A6C50E47
504,杭州市上城区人民法院,FF2BD9A8D296C7CF01333BA4AA67F776
505,杭州市江干区人民法院,4B8C618B307EE6964A56749A10412445
506,杭州市拱墅区人民法院,0C95D3C2D1883B76D1654CD99629874C
507,杭州市西湖区人民法院,6FC3B6C0FB87AAE2A3583C08EFBD1F7B
508,杭州市滨江区人民法院,1D437DAB7D6269658186DAE146D2130A
509,桐庐县人民法院,1382E3FAE900B8437272B4F1D4B2C978
510,杭州市余杭区人民法院,343063FC6E344F2C71C28C419FCD7140
511,淳安县人民法院,7FFDEA08849A199471B98E4C9CDFBBB3
512,宁波市江东区人民法院,F2554994C0AF26A4A946171080882475
513,温州市鹿城区人民法院,012ECCFD21F78528E3C6187000E75291
514,温州市龙湾区人民法院,F0D47AD6E35693BA8ED89F2FCC623295
515,瑞安市人民法院,63D30E7D212C235C61EE8987E74FC782
516,乐清市人民法院,1900F1750C627BEF8DCE18AEBE814B9B
517,苍南县人民法院,DCEBEDFD825D528BF11076998B8E8A95
518,嘉兴市南湖区人民法院,9B1223F9ED44537FFE5F4C04E9AEB16C
519,嘉兴市秀洲区人民法院,CD0EC0065224D234D28416C6EC073B45
520,海宁市人民法院,5899CE8EE354F3F4BF89B329562CFF0F
521,平湖市人民法院,FBBA786B2AE3AAF4161584DDF8756392
522,嘉善县人民法院,600AAC0DDA02AD173D2D2AE9263A1CDC
523,海盐县人民法院,751BA2346EA212E8275F4FED73C98DCA
524,湖州市吴兴区人民法院,7881CA781EF1A5C8B088C76BE5B93287
525,德清县人民法院,D02DB7E750FC771D73A4F70A8958C164
526,湖州市南浔区人民法院,45F4698D0211E4534D8753C6DA4A945C
527,江山市人民法院,AAD6CA59DA7AD8D45FB1DD7769DD9451
528,常山县人民法院,9B0159CDC72678BDCC46545CE8735534
529,开化县人民法院,92736331EC0918D7CE02588B0733C5BD
530,临海市人民法院,479B401C374BAA75E74C1FFC2608E3DB
531,温岭市人民法院,BD829C978508C7EEDE9AEA161190D8C9
532,肥东县人民法院,2CCBFBAE1B07C8BBCDE92851B27B716E
533,巢湖市人民法院,A9EC0BEF2433F048D4CD0CE540DC86F3
534,繁昌县人民法院,6FE44F099B3F9BD07516D8F156CA6DB9
535,黄山市屯溪区人民法院,2F38CA856F4F9E1CB94EDEED9A2D07FD
536,黄山市徽州区人民法院,61A1FC99D4A0CBA680F49AEEE501B387
537,太和县人民法院,9FB9220DAAB7E1B0BE1DA0525438A970
538,阜南县人民法院,E613609FB23F2FF15A9C6E6AA2922B43
539,砀山县人民法院,6DAE426FAED88AEAEA7CA281B46B2639
540,灵璧县人民法院,C6F7B774B94996DE8BAB94D50EEA64A5
541,福州市马尾区人民法院,FBED1EF68EDF4E45F9F6C4A8E6C54DC3
542,厦门市海沧区人民法院,E09ED15735BC0490684C0F56A25C5915
543,将乐县人民法院,BD6DB28CF4B706178FDBB7685AC0F1DF
544,泉州市丰泽区人民法院,66B8DC91F19EB0150AF65401704E5F2F
545,永春县人民法院,B5F2F3DD71DA0F7F9B3206C9D4754B8F
546,东山县人民法院,42D3FFBB37EB4E15041CB5E93DDB918A
547,松溪县人民法院,486A8BF109AF10C7A7885FFC2E3D5769
548,周宁县人民法院,532BD9CBEB4DED8C0AAAFB7F8DEC8746
549,长汀县人民法院,B148CA00BC09889EABC3C381E7CBD4FF
550,南昌市东湖区人民法院,CDB9C97B2D39E493C5870A07DEADABCE
551,南昌市青云谱区人民法院,72A96474925B35B565BE7EB2A80B8586
552,浮梁县人民法院,DFC83C050AB378E6756ED37DF9ED8485
553,都昌县人民法院,63E5898A1A76B7D69D4283DB79149A71
554,庐山人民法院,8C426544C2E858188CE234F08783371D
555,鹰潭市月湖区人民法院,FB6886F441362D8140224D6221DBC85B
556,余江县人民法院,AF1FCB9C2A482D2F59CE408F487AC51A
557,赣州市南康区人民法院,BB657BF2B515913C5277CFCDCA9D4E97
558,大余县人民法院,F819B21B47569AF250C3A895DB7BDF37
559,宁都县人民法院,4BB18F2C333ED67079A3BB02CE18DC61
560,奉新县人民法院,48766CD0BB63ECE754F461A33F19C9E2
561,万载县人民法院,D946A896BB6636F146AB0F0831B3C3F3
562,铜鼓县人民法院,C9E09E0673DF45F096D5A97CCE679F47
563,余干县人民法院,91A458B58B696F285251404E1F9AD55A
564,吉安市青原区人民法院,DB777ABEA47D9D438AC5EE7196101EC6
565,井冈山市人民法院,EED7960842259597F1E18868FF576386
566,安福县人民法院,2C2DA9D2B44CC8865A7061D9C89E54DD
567,永新县人民法院,1032E5259BE26FBD93D4415C47A6F0F8
568,抚州市临川区人民法院,31018148001DB74E79824E7E78C925A7
569,黎川县人民法院,46FD771DA28DDE1B575772BE71F2A75F
570,崇仁县人民法院,EF8B706E4CAA1465808CDC0DD6CFDFBA
571,乐安县人民法院,DDB07B96FFF9861F76DF24181A14F06E
572,抚州市东乡区人民法院,757F1B21AFDB259E0E87E51A5BFBDF3B
573,青岛市李沧区人民法院,F451E9F65B1731F6BF5659C288711CDA
574,青岛市崂山区人民法院,E23A4444AB45505FB9F46FEA0B63AB6B
575,淄博市张店区人民法院,4978CA3558752C7371808A658543D1DA
576,淄博市博山区人民法院,0FF02973986E613280BAE0A1F22C18B2
577,枣庄市台儿庄区人民法院,7A0EB7833D33955BEC4B51E2D4389AC2
578,滕州市人民法院,E3B18C6EB82C280C356A3FB3AC03B675
579,东营市东营区人民法院,2F17CEE02B692B6D57DB6D7543C89BF8
580,广饶县人民法院,CCEA7C0E746A10985723F5EDFD0EAE7B
581,烟台市福山区人民法院,DD8B76556D32EBD48213102DD5B76940
582,潍坊市坊子区人民法院,31057731DFD5167BA2E17FE2B0AC896A
583,青州市人民法院,FE590BF92798CB1656CA5D9995C6482D
584,安丘市人民法院,8C81288D0C7529A8346C1D9EAF1EB3C7
585,临朐县人民法院,35EB626137C73ED0F8743619BD1CF695
586,邹城市人民法院,910B27573D103359AFB00DF6FC97B4B7
587,鱼台县人民法院,E403A61D363B2ED7974CBAE0CAACC887
588,金乡县人民法院,8C1809007637C9F4FEB3FA1C3D6C0619
589,新泰市人民法院,5B809C43F9016BF7FE0EF0F84ED4777F
590,威海市环翠区人民法院,43585BC8E409C3ED3F8FAF24C41FDC2B
591,乳山市人民法院,86F520E82AFAEF9DEB662F85A14DC78D
592,日照市东港区人民法院,9DBDF05227AF92A62BEC2BFE5780F6C2
593,滨州市滨城区人民法院,2CC3A6AAC0BD3F6E6DCE191D16341591
594,无棣县人民法院,70392D8019114B33300B00DB81BB64B4
595,平原县人民法院,A3650630E6996E2EC2B129739F6A217A
596,武城县人民法院,7889F2F3F86ABE578D4981BFADE5A8B2
597,宁津县人民法院,977544EB7B329DD09B5FC8F01F6AD6E7
598,聊城市东昌府区人民法院,3589FA2753D860139E1EA45FBE8CD3AF
599,临清市人民法院,892DA78DC3A70649CDBF33353A059A0C
600,阳谷县人民法院,88CFC81F9AB84F87AA971060899F13D3
601,聊城经济技术开发区人民法院,9D7B677EBABEC992AC9313060DA267DD
602,临沂市兰山区人民法院,D245E64092BB5F6BDD9180DD2F71D622
603,郯城县人民法院,F1A3DE8A276B60DA38C2A975D9D03AF7
604,平邑县人民法院,4B376FD8FBFDD548EBEC82E1B76BC18C
605,临沂市罗庄区人民法院,2C3D81133F220B2699E478012D7B7AE8
606,单县人民法院,6976565554E7D49B2849352EB4F036BE
607,巨野县人民法院,2D9074E25483C67226EA525E18B95649
608,郑州市中原区人民法院,242ACA9A32E9520F3B7C3EB6C1DCE782
609,郑州市金水区人民法院,3DD88E75636B221938CD2B4206EBD4EE
610,郑州市上街区人民法院,BE0360609DC108B6B9A43E98119109C6
611,郑州市惠济区人民法院,BAA21F734740EAA8A55DDBB38AD3326F
612,郑州市管城回族区人民法院,4C8E007A798886AC0DA1658CD2641310
613,中牟县人民法院,F8A43A20207420C721AE17817A816E58
614,登封市人民法院,D72B4C0935103B39DC34C4146E860917
615,新密市人民法院,DCF4F686EAD83CA6163D8D918858B145
616,郑州高新技术产业开发区人民法院,E839B61C63A1EFCA7866F68DFA529F65
617,郑州航空港经济综合实验区人民法院,B8775774DAC817ECF790F7CB0C26A6CB
618,开封市顺河回族区人民法院,BEB5C59F18B360375D90F20DFE45923E
619,开封市鼓楼区人民法院,EB7C0C360F1A16BE435173EE7C1AFE1E
620,开封市金明区人民法院,9068FAADA5C6BDC8E3F17FDF3F98A16E
621,通许县人民法院,3434257E4453BDC61293555E02D29C49
622,洛阳市老城区人民法院,D0A8212852A659CE602C8AFD73B3C5A7
623,洛阳市洛龙区人民法院,31F6D00F20931A8D5F5EA90F126FCE0C
624,偃师市人民法院,15E9DD3E8AFE4543BEA70708CDECC52F
625,新安县人民法院,18A2AB2A97477D2505DEED70ABD3210F
626,嵩县人民法院,80D7D6B268A9FD5E904DBE548E91CC92
627,宜阳县人民法院,5301D97A36A481FB2129928C4C009946
628,洛宁县人民法院,AA78060DF6B4BBAA5FB4478AEF89C3F2
629,洛阳高新技术产业开发区人民法院,B7AE38E2596C5BF4192B28E03FA85E3F
630,安阳市文峰区人民法院,742FECE60BA923A3CC9BE65013CA5F4C
631,安阳市殷都区人民法院,2804F5E9E65F60C0572F0D0A003D38AC
632,汤阴县人民法院,7EB870EAB87F32ED600D2EFEA1569ACD
633,鹤壁市鹤山区人民法院,E46C3845984BAEDA718277F268324EF4
634,鹤壁市淇滨区人民法院,93729FAE47E362BECCED4812CF1076EA
635,浚县人民法院,69327070023169F14B44B2F8474248F0
636,新乡市卫滨区人民法院,AD108A935B59D6DCBFA8CAA218150B2C
637,延津县人民法院,55B834BF4B46ED376F895D430F044FE1
638,焦作市解放区人民法院,1565942702620653147FE19E6E76E16B
639,焦作市马村区人民法院,51E9D850C411BABCDED21AF266CF4C49
640,沁阳市人民法院,CE4E9B809473F64CCE07C64D7326B410
641,修武县人民法院,61CBED2663562529B486E388CFED517B
642,博爱县人民法院,72B35DFBAAA4810385794B78499AD9D6
643,武陟县人民法院,B2717A573833BE25FBA11118F0C2A226
644,孟州市人民法院,CF9CAC2A29AF5A8BC9A012B651C9F1EB
645,濮阳县人民法院,46F8819C1A82E872719821BEC525B435
646,许昌市魏都区人民法院,E873679506CDC63A03A61F01C935364B
647,襄城县人民法院,3E07B2705B9EC0D91BDA5DFB004A8A81
648,漯河市源汇区人民法院,462AB514F36A596539A15B5ACF5810E7
649,舞阳县人民法院,F13D07375AE104DC0393BF5AF58A5715
650,临颍县人民法院,B15CEA86299D8196358B5624F57DEAC2
651,义马市人民法院,4C84B790CD0FF757DFCF6286A45C0880
652,三门峡市陕州区人民法院,10DA1CE8523219428D56B5F262FB90D6
653,灵宝市人民法院,B065D757DB5ACB20294D7293DC88F782
654,卢氏县人民法院,6D8C403A0EC2E00B51DD7A37935117A9
655,虞城县人民法院,76D6E8EA391FF01863012F82E010307E
656,宁陵县人民法院,24170F4F407FADEFE67B4B55DE3990FC
657,睢县人民法院,BEE2414ED9ED044C4F150CBC82DDBA67
658,夏邑县人民法院,F4C875057A43FDBA16D94EDBBB9E9679
659,柘城县人民法院,37625E1FD17BF497FAE434DA651B76FA
660,永城市人民法院,C6C9C683D3163849158034478772969E
661,周口市川汇区人民法院,D7AFEA402C6B5F0FF979F0D5BA61A099
662,西华县人民法院,EE900905FFBC62634955C9C981D6702A
663,商水县人民法院,074FC3FA2DD593D2606907B5F7C0D2F8
664,遂平县人民法院,882C9062D4346A9729B5FA7BD1B63DD5
665,正阳县人民法院,26C3F8494DB97CD910F58A3A02425A0B
666,邓州市人民法院,FECB4A38938B2BDE5C60281431CE7945
667,西峡县人民法院,178394A7D4FA89C6AC233C2A41CA81E3
668,南阳市卧龙区人民法院,68DCFA935242627E2A41732C953E8861
669,镇平县人民法院,3E59FD792BEC15D1434C802F398A4D50
670,淅川县人民法院,43AEFBEA6E7CF7C5B7566F44563B6C80
671,社旗县人民法院,390CA94536E9154510E38B86BC46F168
672,桐柏县人民法院,AAA5923567619A407792FBFA21A0378F
673,南阳高新技术产业开发区人民法院,C1E33B66630A503D802BC470522AB8EA
674,信阳市浉河区人民法院,DF6BA562FBF28513B120C41F28FD812D
675,息县人民法院,6513291B885E926E23279AC6E10B45C5
676,淮滨县人民法院,888C22745E0E3BBFBAE51782F6726882
677,信阳市平桥区人民法院,F837188F3D53300C6E35B0DA1ABBD17F
678,固始县人民法院,5FD6A8EF4FBA6281CD074E996F810203
679,罗山县人民法院,32BEFC663137C5550BF1240945A874C6
680,洛阳铁路运输法院,1D1B3280D94F42A5D6D9909A196EF947
681,长沙市芙蓉区人民法院,88D089268FD40219230785528198800A
682,长沙市天心区人民法院,A35CF64BDB6E0EF5134D32B0320E0739
683,长沙市开福区人民法院,8906AA875F5A4D318632EB25F7982F36
684,长沙市雨花区人民法院,BA159903A4F843E64ADEE3CE8DF6533C
685,长沙县人民法院,D23A45E14BDD996F72CE7E6F6C0CCA2B
686,长沙市望城区人民法院,C0561808E9C3636723BDD64641DFD984
687,宁乡县人民法院,E84722FD74F4F84787E6F24CFA92BFEB
688,株洲市荷塘区人民法院,1759BD9A4E6023A3DE72BCB824143751
689,株洲市石峰区人民法院,FF2AF1A1A9037F41C6FE1F14C2474ACE
690,株洲市芦淞区人民法院,7D3C70333CEBEAF027534EE482EE3D17
691,株洲市天元区人民法院,CFF5142D3A63FDFE57DCA8ABB92157E7
692,醴陵市人民法院,FDF75CB14BDCA2AB0A640FE9C681598C
693,株洲县人民法院,C8492E3419CACADA2788719815DE6EB1
694,攸县人民法院,C2123F832F12F1E8A9571153A9B22B49
695,茶陵县人民法院,4C1748DCA6E681CD61DFE7C66DD1561B
696,炎陵县人民法院,A175244DDD3A67A38DF4180864F81CED
697,湘潭市岳塘区人民法院,FFE89421456EA1881A184B93F35FCB05
698,韶山市人民法院,EA8922B670606CC6A1D18396908DF270
699,衡阳市珠晖区人民法院,2D38AA284CFE51F46C5D2ED288379F39
700,衡阳市石鼓区人民法院,C8BCD9FB83399ECD50D74D6A22CB4183
701,衡阳市蒸湘区人民法院,CE4E9A496739470DDAC243D04D925CE8
702,耒阳市人民法院,B48C70B80C1A987F8EC6CFF8C40D5F5C
703,衡阳县人民法院,B4C88770A802F2D9F2ABDECC3EE84D22
704,衡南县人民法院,16D7E8B7B9D586F9AA42704B485066EC
705,衡山县人民法院,0085983FCFFB8AA07D0E088E13306315
706,常宁市人民法院,999E7A8BBC771A1CA41EDBD6CE7C164D
707,祁东县人民法院,7EEFE29CEC888A0694290D7C6951AD6F
708,邵阳市双清区人民法院,5C013733FC2EA764606CABA2662E98F8
709,邵阳市大祥区人民法院,EC790101DB448FF06D186D8E4FDD6E1D
710,邵阳市北塔区人民法院,29B347545AA0B9ADA6E23CF7F11647BF
711,邵东县人民法院,2C2F7A0FC100FA91E43F014B5B2CF4E4
712,新邵县人民法院,71E80B4A420E7E471DC9663915D3AE83
713,邵阳县人民法院,C7B391F8D10973116C30378F6C58F062
714,隆回县人民法院,39D4652D3BE4801469CA8486446A2A90
715,洞口县人民法院,0094DFE8D22E2C7C73175E833ED0E187
716,武冈市人民法院,A8926ACD41E6795178E914EAEF1D32B5
717,新宁县人民法院,C2F9EAF939D6ADC9280DA58F55F1D098
718,城步苗族自治县人民法院,3B4A6CA7AAEF9BEBE82BAF40776B190D
719,岳阳市岳阳楼区人民法院,341E03A45A2756605532D2178741FD92
720,岳阳市云溪区人民法院,787CFBC1365FB77B7F8B3733191CA892
721,岳阳市君山区人民法院,D73DBE76A2023BB198E0872D2C0D3098
722,岳阳县人民法院,B3FE7170332B7415101969556F7098C8
723,湘阴县人民法院,BEBA2A45822F8F8E86973CBB284376CE
724,平江县人民法院,40ABF2CAFBC76A47D3B6CC547D9EE381
725,常德市武陵区人民法院,7C232FFC6AFE1B82A96DB7E5AA33C24F
726,常德市鼎城区人民法院,A90B203AE9CB5760D61D8EBAC36F7FDC
727,澧县人民法院,1A76DA2D11C3025071DC8C9E26D0E633
728,临澧县人民法院,943B6F073E3DCB4DAA4930D6019843EA
729,汉寿县人民法院,C997FFC832E5DA884C6A7EFCF2E35F5D
730,慈利县人民法院,AB6F73ECCDC2BD9C78D768D49313C7F3
731,益阳市资阳区人民法院,6AEE575DBD3D6438A9DBBB5EDBE67307
732,沅江市人民法院,ADDBAF5CFA5BECDD65D607F08E3C45E3
733,南县人民法院,B584E1D1F9BA0D709B75843FAE5439DB
734,桃江县人民法院,FEEEC89FE60BCD398D5C9559FA8B6B82
735,安化县人民法院,F89915EACC86400DF93C1BE8D5B4C135
736,双峰县人民法院,542EE5751F8DF066E122827AFBD93AE8
737,新化县人民法院,77AC1AE49106CC491457417E48F360CA
738,郴州市北湖区人民法院,E50384803BD913ACD580CEAD235C4FB7
739,资兴市人民法院,1F48C556A34EC3264BE2B639AAD37B5A
740,郴州市苏仙区人民法院,7D065CD856CDDB61BBDAB993313C0669
741,桂阳县人民法院,205FFD27F3716D1EF333E5165E6EEE0D
742,嘉禾县人民法院,AAF6D6F49CC55D4D01C15095D46AB140
743,安仁县人民法院,29F982EF3E46A6C7FA889B2CF8E41C8D
744,东安县人民法院,0412193CE60BB8966240EC84BF697D01
745,道县人民法院,0AE4BC4007F57BFF5F4A3DC2E1D1A9FD
746,江永县人民法院,5AFB0E8FB58928B9F6BF69700CF53985
747,新田县人民法院,DE55FA33C5D4B98CDEFEC7C189F3D342
748,祁阳县人民法院,9ED7142E3830C53B054385DCD09BCEE4
749,江华瑶族自治县人民法院,0A055D9405A03248FFB0E6DD9F6224F7
750,怀化市鹤城区人民法院,F06AADC24E7D63DB1D392FC0827B04AC
751,洪江市人民法院,53A0BAE94B961380255C2A7C2E9329CC
752,中方县人民法院,23EA25D07178B3B6DBB050B31C726EB3
753,沅陵县人民法院,1FB63518B8F38034E24A02294D9ABFB6
754,溆浦县人民法院,C029A6444AF464D42ADBF131D6A03610
755,新晃侗族自治县人民法院,828858A0B82C0BF8D20C9D1DF4D1C350
756,芷江侗族自治县人民法院,4437A617EDE52DFC2C240F24E27C143F
757,麻阳苗族自治县人民法院,588EF3C77EB36AB6F053A8919C59E6E5
758,靖州苗族侗族自治县人民法院,1AB08E370275768D22C78949751E8C82
759,通道侗族自治县人民法院,E0E023F21DA4C4356EF8D079B0889FAE
760,洪江人民法院,42BB316DB012167E4FE6F7CCCCB9DA21
761,泸溪县人民法院,0879C692193F134C25F6A7C7A02F31E3
762,花垣县人民法院,E9C34D3F1642597B8516A6DB1064DD12
763,保靖县人民法院,092F28BE1A60E766AEDB4F824A6E1808
764,古丈县人民法院,62322108926F9C912031CEAB1DD58357
765,永顺县人民法院,45441B87B6DA8DCC97BD5B004AF535EA
766,龙山县人民法院,F7BA4242346C1ECB066B16C1CD064C8C
767,武汉市新洲区人民法院,986828A8E9FDBBBAF7CD19B411E4DF98
768,枣阳市人民法院,0A22A04D1E28107F53B09C7C9399CE44
769,沙洋人民法院,8590ECF2B0753D3D56D565626ACAC9B6
770,广州市海珠区人民法院,D67FA72AAFC20A990C6DBEC34576CB87
771,广州市黄埔区人民法院,355283C3E74B1D5913CECA324A950CE2
772,翁源县人民法院,1096ACC7D47DDB595C72E22455E34D37
773,新丰县人民法院,7927ADAC725B1E782CF68EA83E1DB8F7
774,深圳市龙岗区人民法院,5AD910E97765997B80D91606A8483F6A
775,珠海市香洲区人民法院,BB09F6878F3897C361714E0C049F79D8
776,佛山市三水区人民法院,32E32CB43CD4E4ACFA90D15429A3EC3C
777,湛江市赤坎区人民法院,254CDEBE75436D4F4E118DFE7D3D78BB
778,茂名市电白区人民法院,C30DAC5822E89067F9DA1379DBF05561
779,化州市人民法院,FCC4DC5FB4702046152D2402B8E55DE6
780,肇庆市鼎湖区人民法院,9C4309B0BB37EB8D548D7100547E3AC8
781,四会市人民法院,BD10F6700D1C39DBEE93BD40FF4A1C72
782,汕尾市城区人民法院,8E8052A66ADA6F7A40641D18E02E3BC8
783,东源县人民法院,1A503F86D54E5D1B616F0ECF04A0B238
784,阳江市江城区人民法院,A6EFA31153A024B19DAC6419705C39D4
785,揭阳市榕城区人民法院,592F5AE3F23349B0F0C6E323D1C27567
786,揭西县人民法院,F7682362854226ECDD8D254298D81ED9
787,云浮市云城区人民法院,FFAFABC20C046A46F68EBF9E0C7D8E62
788,新兴县人民法院,4FDABFF6B56EACF91E7FBC59FC028182
789,南宁市青秀区人民法院,FAED02A00E11B4C7952ECA40F31E68AC
790,横县人民法院,A0A3006E32E8D571E42AE207E8850FB6
791,南宁市西乡塘区人民法院,971EF4D251EBF22DCE383FC9FD7D7DCC
792,南宁市良庆区人民法院,A8CC590AB1CC0BD7B03FB04BB461C22F
793,柳州市城中区人民法院,1A8AF9D297E8AD645A064D1CA855FE09
794,资源县人民法院,A05E7B92008A95C121DA96E9C653A634
795,合山市人民法院,BAA87DF8ED886A402B7E5A07AA71FC5D
796,钟山县人民法院,010853DA0667945CE56745C1C30C9D54
797,富川瑶族自治县人民法院,F359BBBFE3880DD1FAE28CBE825539C2
798,平果县人民法院,422342F39C8595D96124533DC3D84F65
799,靖西市人民法院,A70FE625E0BD7A1EC84E93A800A829A9
800,凌云县人民法院,0515D5B97BE6E95C7CB9AE86B3F83175
801,乐业县人民法院,D3521B877AC306198F1D092D3BE62FFC
802,环江毛南族自治县人民法院,B089C4005E882743F97FE3D8A6CF77FD
803,巴马瑶族自治县人民法院,071CBBCF24451AD1FD8CCD2C45A581FF
804,钦州市钦南区人民法院,22EF43A9DBC3E30FF134808CFE111066
805,贵港市港南区人民法院,26E38615AA3EE42A0954F706695C7B53
806,临高县人民法院,EF3706A77FC3A6BB860AF3B7BA98DD34
807,重庆两江新区人民法院,7c33f2bb9f784d919e42c3e46f7d040f
808,重庆自由贸易试验区人民法院,3a31a451f48e48f789ce5a88a1fa7dce
809,四川天府新区成都片区人民法院,e3ad1fd3e9fc44f8bf8f37e2c8e5c29d
810,四川自由贸易试验区人民法院,36A499296431818C6E3589082DB2A943
811,四川天府新区成都片区人民法院,9D012E2C50382CFF71F50FB2469B9592
812,合江县人民法院,272358DFDEF3C3A42358F90B56CA18EB
813,叙永县人民法院,14C3C4B6A23312E39BEDC97240383EA4
814,绵阳市安州区人民法院,65EB709E4B0FB12C1F533A060E3534AD
815,四川省科学城人民法院,1D84A0CAAC60B40239C4A73D6142C295
816,绵阳市游仙区人民法院,804C6EEAEEA9E7F512011717427CF3EF
817,绵阳高新技术产业开发区人民法院,703B2162B387878DF3A032CEEF54E3A7
818,广元市利州区人民法院,EF6FC3ACFF7A37BFB6BFF6A6A3747FB0
819,广元市昭化区人民法院,2A07457887BF2C86512BBF3A0D8A0730
820,旺苍县人民法院,120A4184CA0DE4C50F7577BEDB356913
821,剑阁县人民法院,C77C1E76432E57A09407F45C4611C773
822,遂宁市船山区人民法院,B4DB8CA47DC9B4E1E185BBE920525108
823,射洪县人民法院,2370190963E30FE8AD7D1F9A3F0D289D
824,遂宁市安居区人民法院,535543A9DCC3076C432EFB6E17F996F8
825,内江市市中区人民法院,041AA337A3833F22D8C403D1066F644C
826,资中县人民法院,16FDFBEB88B1B60D7A70AC1EA71440D1
827,峨眉山市人民法院,E45EFA07311F7678322A93A309FA0B52
828,井研县人民法院,075F024DB4C7887A334620445D3724F1
829,峨边彝族自治县人民法院,D40625D07FBFF41BD326A2B4DA674DDD
830,宜宾市翠屏区人民法院,BF1B40A5C4BC004632206D830ABC08B4
831,宜宾县人民法院,DE3C0EDD2773C57CBF776F5038C8534E
832,宜宾市南溪区人民法院,7F85AF15598DB81AA44594BB53B0B4B0
833,长宁县人民法院,39FE798A2F355B53C1ED333766B1E7A8
834,高县人民法院,239B7CF364C4ED27E70CABB6F597F33C
835,南充市顺庆区人民法院,41A372A5AA0B51172D880659A52A3634
836,阆中市人民法院,F90CC50213E1BAEC437CA1E14500A833
837,南充市高坪区人民法院,6D27BE131023EF8BCFCDCC161D009E0F
838,南部县人民法院,EE9BB9EA91EAA03822D5940B8ACC4A61
839,营山县人民法院,CB34E7332769D83070C2D599BB23F70C
840,仪陇县人民法院,5533B440C280104D5F03BF9A9C72ECA9
841,西充县人民法院,1E2B89B86B1684136999AF95BD0CDAA3
842,荥经县人民法院,99BFDC09750BCC679EF22414C50B0DEF
843,汉源县人民法院,F12D7998624BC7EF3C600EBF99F07BD9
844,芦山县人民法院,DBF02F4D0E9068CB2CD6B18386E9EC44
845,汶川县人民法院,CE5B935617A0D9CDC06BB3D2A0954E56
846,理县人民法院,FA1029275CEF70BA73F0D9C27A5D21B7
847,茂县人民法院,12FE5639D98F272B8D2DEF653D12CDDF
848,松潘县人民法院,22BE1544DBBD6690B6A834EFD278BAA5
849,金川县人民法院,17033A71415A84425EC3322F9C40B842
850,黑水县人民法院,2BB0ADF2DE302E79439325B9F14AB759
851,西昌市人民法院,035941D694D6B160908FC22806100422
852,盐源县人民法院,D55E8191064F8D8BD692B02D04DBAA4E
853,会东县人民法院,AAFB26F66637B87752C3EF72D06809DF
854,布拖县人民法院,20AB099B82D9270E9C738801F458B056
855,昭觉县人民法院,5FA90135E2B4A7755828D42859118ACE
856,喜德县人民法院,AFFB0A9F61867D8EC2610E9F4D4927CB
857,冕宁县人民法院,2C1233F6CBD0DFD6EC7C96A475901C87
858,美姑县人民法院,0285559C1B1043424438C54877CF1210
859,木里藏族自治县人民法院,2DA330C653C7CCBF45A046C8A1BDD00E
860,岳池县人民法院,7E7CCBE40901133900E0EE11AE08F855
861,巴中市巴州区人民法院,98DB21363ED3712AC5B33B88BD3F6524
862,通江县人民法院,E277F4E97E1DB3A0D3A488D71385CB74
863,平昌县人民法院,AE68D545ABEAE141805C2B27413A7D6B
864,巴中市恩阳区人民法院,D6F01FCBA2A4F5A24E40AE5A122E1B22
865,眉山市东坡区人民法院,7FB2E63AE639F25ADA4155D0187A4524
866,青神县人民法院,89A3CAA458B4CA9D03E7955E134F454C
867,乐至县人民法院,1B6DB6D3A17DB254919E992CF64206A2
868,成都铁路运输法院,8F702EF79606E36935FFD261805C5A82
869,西昌铁路运输法院,D24C733A6E2EE4F0EDF32CB314D81BE1
870,昆明市西山区人民法院,EEFAF9A4E52654A154624B57C89E4D16
871,昆明市呈贡区人民法院,12CBA6E6826C70BE5615ED10D86A5C02
872,晋宁县人民法院,195B2260E1086B1B53380A180CA6261A
873,宜良县人民法院,A89979D82F73A826EEC9DC00F152BE30
874,禄劝彝族苗族自治县人民法院,119A1ADA30297799EC4F8EA854539662
875,寻甸回族彝族自治县人民法院,95FABFB09332A538DF0277653B03FB4C
876,昭通市昭阳区人民法院,1A4A9704C109C98C6C9A9382F4014268
877,鲁甸县人民法院,DA637D965D633A1353C56BE9FA48C744
878,巧家县人民法院,D02C83A5D38C4FB0E16562471859E7F0
879,镇雄县人民法院,17A7B3AA9388A0ED838E2E0719022700
880,水富县人民法院,A06DAF5CFC94224E1ED7A5C40E1C12AE
881,曲靖市沾益区人民法院,20D0A738A0F3ACAC63DF7E9F9863E36D
882,师宗县人民法院,87F8359A2C18C997A6BA2A496295E089
883,会泽县人民法院,E4C9FE5D6EC65809F9C4E09D6C79F7FA
884,景谷傣族彝族自治县人民法院,B4A72F43E7C43B564BC634A33994659F
885,保山市隆阳区人民法院,3BD6CAA49CBEB4710AF7916B73B3F809
886,玉龙纳西族自治县人民法院,2CF347EB9995021540B552C020BE2D9C
887,华坪县人民法院,1A4160EF7D75B01DAAE5851809768086
888,宁蒗彝族自治县人民法院,99BF7A5C9F9A601364714B4298771F55
889,临沧市临翔区人民法院,087495397610F3728D850294D4A7DB31
890,云县人民法院,35E170CD74BA1B65956161EEFB544C18
891,永德县人民法院,201B069B0648A4EB555CFAF9AFDB7753
892,楚雄市人民法院,30942BDB8658E5267AA6163F90B7A246
893,双柏县人民法院,49D853878FAAF7FE2FDEBF79F656FEDB
894,牟定县人民法院,EF58CA3421CBDB0143A5035FAF08B34F
895,大姚县人民法院,EA22F1BCBAA9E8873580820A09B72B06
896,永仁县人民法院,A1DBD4C416596DA2CA9DA326D53A981C
897,武定县人民法院,441DD644349D211096387CA51FCC2E31
898,西畴县人民法院,FFF4FD97A7DF0580A112439E9902E807
899,麻栗坡县人民法院,6CF59D197EBD431F62927F0247AD1970
900,马关县人民法院,EF6DEF079CCA0AE9AFF5BE47F74E46CA
901,丘北县人民法院,F26E97638E2422C72954FECE958A61DD
902,景洪市人民法院,2FB6E7550D9E46CA163D75D82F61F04B
903,大理市人民法院,7C0DDC48D47CA276A6005F7B83D8C043
904,云龙县人民法院,60E4E1B29EBEA6CB96C85BE346A8EAA0
905,洱源县人民法院,0E5C11CD04C15D1AA6A0A502E7AD3D39
906,剑川县人民法院,1AE8F140E7FDC1F6B0A8D65F433E1AB7
907,漾濞彝族自治县人民法院,ACF3A86C02E7B7B4F03C6C05C343A2EB
908,南涧彝族自治县人民法院,6E9F6294BDCE56312AF0E86742DB29F1
909,巍山彝族回族自治县人民法院,CEC3BF9470057A18CE6886F6DA07AA35
910,梁河县人民法院,3B07574CF68D18FC4ED1FAEBBFC514F2
911,盈江县人民法院,A0AF831BB1CC1106E904C7F286BB76A4
912,瑞丽市人民法院,AC03F1FA46FDBEB8D5CFDFB5C784C696
913,兰坪白族普米族自治县人民法院,A5920C0EF94FBFD14B75BE0034077D4A
914,贵阳市云岩区人民法院,544BF6C2F28F8B798B6AAA508142DFAA
915,六盘水市钟山区人民法院,3F75089CC83A0DB54EE427F2A1C44360
916,桐梓县人民法院,C1DB33A0811FB9A23F19884ACD8BB7CE
917,湄潭县人民法院,AA3E9D2DC8FACBF440F0EADB9CA78A57
918,仁怀市人民法院,9E81D09036FCC0E4181334C3C4F6C132
919,兴仁市人民法院,E6C49A8A0D99BD21170FD4D9F4676D70
920,贵定县人民法院,677FD962F321B74E13ECFC5027159F51
921,西安市碑林区人民法院,DD5E22F0C7E526F588AF526210B24613
922,西安市灞桥区人民法院,F831543DCC2F385E52A2733FA15E8C3B
923,蓝田县人民法院,30AC94984FC3662EB0FFE59B3D71F2A3
924,西安市临潼区人民法院,76563763C03D600D8CF9B8C31C8E11DB
925,铜川市印台区人民法院,7CC319503F0A690F88F6DFA575BD0CD4
926,宜君县人民法院,64969AA060707D4DBBA560FBD28AA1AD
927,眉县人民法院,307EB4978442DEDFFD57E9440210D311
928,咸阳市秦都区人民法院,A7B259FEEB2BB9E7F134345EAE50C838
929,咸阳市杨陵区人民法院,7F597BC7146F94FB4D2800B4D27D6C89
930,咸阳市渭城区人民法院,55854AE5C71E66503C1144E6C2C8B333
931,兴平市人民法院,FC121D065CB8036FCA3C0A7088909B8C
932,乾县人民法院,A1F19F556BC9326EB7B50348DD741B73
933,礼泉县人民法院,B9E118E660E5E61F7F9CB283BD29483F
934,长武县人民法院,CCD4BD5885DED71B57FCA83DA4E6C2B3
935,淳化县人民法院,13C6E85991C5D302D13DACF6EAB93609
936,武功县人民法院,C9D5A94C9C98A77362362DFBBF445D66
937,渭南市临渭区人民法院,9C75BEFB758E3473DE2DB92E0473E77C
938,韩城市人民法院,DDF2130AD86CB6A064CDCA82461EB8CF
939,渭南市华州区人民法院,100984BBA690CFD9058F4C6B5639AD5B
940,澄城县人民法院,B1DF6A2B4E416E9BE162DFA6E94F9031
941,勉县人民法院,3F0E6FCBB04D0A1CDFB73097F4053859
942,宁强县人民法院,AB1A71ADD847BFCDC3EB6F1D5B8D214D
943,佛坪县人民法院,BBEE7AF9EE601CC19185EDB491729C38
944,子长县人民法院,5259EF15F885BF64E78FEE3B8A26EA20
945,甘泉县人民法院,EC3EF60B622DA66394E1A2D83151DDA2
946,洛川县人民法院,18669881EA2A07837922FD7D9D0F6D72
947,黄陵县人民法院,6479F40A65F3C36602A70D39C3E5FDB6
948,榆林市榆阳区人民法院,3C0E58393D16BE2B660A0535216210C3
949,神木市人民法院,582E8CB3903CDFE52DFEAC132D500618
950,绥德县人民法院,28BC7DBE1A0E726D4A17D851665EE873
951,佳县人民法院,E11114D1E48E3AC7115B6C4CF9D5BBA0
952,贺兰县人民法院,998F8F4A37FC2F200D65326C4244A6BF
953,吴忠市利通区人民法院,267BB3EA2D4BCAF7D781A961070F96C2
954,同心县人民法院,0515EB03E137CA0D7BD4E1C96D293B0F
955,泾源县人民法院,B45BE6C3E72310F3BCE4498BC98EBCC5
956,中宁县人民法院,57FB8235C5FDB223295CAD3BA2CEFFCE
957,兰州市安宁区人民法院,C43687C149395DD26CC0D2682126F342
958,皋兰县人民法院,2BE3911F4CB1FBC9F2A5FE17B80AE0BE
959,兰州市新区人民法院,1C629CF5FF834C86C8D0C22381FE26C9
960,嘉峪关市城区人民法院,A353AFE96A7E346A919FB18EB0C41A6C
961,金昌市金川区人民法院,C8EA38D0673B1A308A27E74DEBE54626
962,白银市平川区人民法院,96E67630AA5040C4F5B560213196AE14
963,靖远县人民法院,3CDA3B500285954C004A0146DE37F520
964,金塔县人民法院,08D41ADF2E766EE64F2374CCFDC804C6
965,肃北蒙古族自治县人民法院,ACF5743C3BCFD8314AF4983B5583B0C4
966,临泽县人民法院,AF3A4396161CA6487DC2ACE7B035FB98
967,高台县人民法院,16DACDC8ED399D63A308ABAA92CD3343
968,山丹县人民法院,ADC38C45931CF649D6A458AC8E5A0FFD
969,武威市凉州区人民法院,2DB6FFB544603A6158714E52F37E5A54
970,天祝藏族自治县人民法院,EC7E109C6D0A4E7BFBFCEDA7729D9C07
971,陇西县人民法院,3E442A3F2829B62BC9E334A05E7C8834
972,渭源县人民法院,CD2DF6088C0720B21834C2DC2962514C
973,临洮县人民法院,91BC019D1C09F1F369E4536EA89D3D5E
974,岷县人民法院,93EBC22338DD16A0536B8C88A04B9AB7
975,文县人民法院,96A5CD1F9E4A7A658180E4CDD72D25DE
976,徽县人民法院,BDE17D89E1F5862E7DC78DD5110723AF
977,泾川县人民法院,C850EF8A7833A903938247ACC29D648F
978,灵台县人民法院,A361E61B64DD15A41A51626F1EE5348C
979,崇信县人民法院,D4A02E8C10E1A937C7054B7E67936BE2
980,庄浪县人民法院,EDC1DED588C5632F0FE827BB2678627C
981,临夏市人民法院,4CA4FBDFCFA837607F251361CFA284E2
982,临夏县人民法院,E8A67BDE0FB0C5079933B2A37951ECA2
983,积石山保安族东乡族撒拉族自治县人民法院,AD38C2F5A8AE2E8EA840B9A221AEC3F4
984,卓尼县人民法院,53F3A4A3FCF63F1CDFA2FD24DEE3FCCA
985,舟曲县人民法院,CB58D98DFFB9F2791EBB7A5207DFA62E
986,玛曲县人民法院,A5D596851C7AA0AAFFA9D8AE6CBB93CB
987,碌曲县人民法院,C7FBEC2447CC3056C3AF5EBC860F9F65
988,夏河县人民法院,D985C5650540F013B0E605B4EBD5A2FB
989,合作市人民法院,B040D1140F55660649AF17CAD9D2A3D1
990,小陇山林区法院,0D3F540CCC0930294D70897B5A2D2B49
991,林周县人民法院,D1AB3D2927A7D616B87454EDC4CB8838
992,当雄县人民法院,A1A47BB9A893B9C9DCAC5F6F478AD439
993,尼木县人民法院,3A75EC79995EA08A785C4BF626FBB9D5
994,曲水县人民法院,EAC047ECB1D8687331DF39EFC76F98EE
995,拉萨市堆龙德庆区人民法院,AD4615C3F1C747571806F572486E1072
996,拉萨市达孜区人民法院,1DE841F3DC27D72C900A54DF5B414735
997,墨竹工卡县人民法院,3534E9D7A2AD28AC6BD28CA1344887AB
998,昌都市卡若区人民法院,0123F394A13A527C4FABA8007C5D4F6D
999,江达县人民法院,D4D8B3ABBFC1E311C7062E03DE104225
1000,贡觉县人民法院,6086434D0D3277A52F19489650132920
1001,丁青县人民法院,E8811F25C5302AF61C86D047CDD8451B
1002,察雅县人民法院,7743C2D4B74143808EB0BC1A7B168E36
1003,八宿县人民法院,4355230C1A242BE6C95D7D06FD845652
1004,左贡县人民法院,661E8EC0397FE772D991A314BE563339
1005,芒康县人民法院,9B347BF1023A85AEDE2DC8CDF57C8DEA
1006,洛隆县人民法院,7943B5BC446143D41A95B42D83D76E05
1007,边坝县人民法院,0E10DD5F4D5561CB74662C3E3816E86E
1008,山南市乃东区人民法院,CEE65A72BAAE41FAE7100D08DC7A8DCC
1009,扎囊县人民法院,549169C2C04E3C02E55D95B62D810306
1010,贡嘎县人民法院,904E82D2E9120EFA7AAD900BB83A5B31
1011,桑日县人民法院,CB40B8823B75BEDEC12CE3D649F777F3
1012,琼结县人民法院,DC97B5B5308CFE36B2F8986934FF7F48
1013,曲松县人民法院,3755EDE13BE31614DBD9C47BC1FFA23B
1014,措美县人民法院,A702C11837B0E7A8945F26265E7070D4
1015,洛扎县人民法院,8887C08FAF0770B21D41A2CA0357405D
1016,加查县人民法院,21B0EF36DC0AAF9AF0F6D723300D4901
1017,错那县人民法院,D03895A6B3BEC4962D34DB564E656679
1018,浪卡子县人民法院,F0A54BC06F5E847E295292611554BE13
1019,日喀则市桑珠孜区人民法院,8B43CD22336E24C6946BE9B7010B1904
1020,南木林县人民法院,4E00A45B9C333EA3D640CC7A56FB71D1
1021,江孜县人民法院,C6450E4DFA48921EE5F52E4EA8B80097
1022,拉孜县人民法院,25AF759B9DECE86B7DFF926A498827CE
1023,昂仁县人民法院,14EB57A0BC9C4A84C1DB08786E524E06
1024,谢通门县人民法院,A224C1C6884CFFA06885A9D905F8E589
1025,白朗县人民法院,6BFDACBBE76B8B932FFAD0C269573305
1026,仁布县人民法院,D4BF5A361BDB3CF13F612EBDCF7B2114
1027,康马县人民法院,04BFCA73E2D7D6BAFE0A74F2FDD0800E
1028,定结县人民法院,86D5F041EA166B15F34D7F2CEFA17A47
1029,仲巴县人民法院,2898C3B082112DFC44694F5F50201BBA
1030,亚东县人民法院,1154F5780476BA5741545B877EDB9ECE
1031,吉隆县人民法院,96945003E611D90F3160DA8CC58FAE7D
1032,聂拉木县人民法院,AAF541C6196DE6DA062E33FFE2673122
1033,萨嘎县人民法院,3A8B24962124EA96CBCB7F6B167E51C9
1034,岗巴县人民法院,25E8667347160DD9DC33FE8F0211F125
1035,那曲市色尼区人民法院,C6CC2648CAE1751F76E2018A4DD5F0D7
1036,嘉黎县人民法院,5790BBA651A093313DAACE79FD32A055
1037,比如县人民法院,7EDA9187502E2837639C4EE8F35417F9
1038,聂荣县人民法院,E0398CF45503F810E9830928BB3FAAC1
1039,安多县人民法院,6650CE513F44AA9B4E6D5EB17518B962
1040,申扎县人民法院,6646EF95050F8E8A60F54B44AE995CCF
1041,索县人民法院,191AA814699C77D1F1B068A535B1692B
1042,班戈县人民法院,0FD7C1DA7A2BA429428C89E9072EC182
1043,巴青县人民法院,766C1B1F00C4AE6267D905AE28AF4241
1044,尼玛县人民法院,BDB8CA37EF03E2F3419DF7116CE6C9D6
1045,双湖县人民法院,BDB8CA37EF03E2F3419DF7116CE6C9D7
1046,普兰县人民法院,0507DA30B4E7011ABFC85C5292F08371
1047,札达县人民法院,5D6B03700883B266AF17494D3BF07B3E
1048,噶尔县人民法院,0547DAE8B9856CF7FC42C0E3D7F0C18A
1049,革吉县人民法院,A8BC6EA7EC046C184D947A58A6E1F965
1050,措勤县人民法院,096D8B465570BB22A24B2C4F20D5BBCC
1051,工布江达县人民法院,F4E4A1C9BE4542F14BD64D84767CFB87
1052,米林县人民法院,5631CF1B0813992980F337ECD45118D0
1053,墨脱县人民法院,CC8062BCD0A3041348274528B3DB778A
1054,察隅县人民法院,0F6BC5A9D7F0BEE31CA3AC125F9C9252
1055,克拉玛依市独山子区人民法院,5804E4E5494D475E0BFD9984C82A270C
1056,吐鲁番市高昌区人民法院,8112942CF072659A4D67443F6BEF6B7B
1057,鄯善县人民法院,EF1D4B8362A67E2438AD29B8A464E8D9
1058,托克逊县人民法院,C6D9ADD7B64A6F7451C860FC2F32C5E9
1059,阿克陶县人民法院,ED9BA380FC95C879C9222CCC2FB1910C
1060,阿合奇县人民法院,E7D84C8F506F2C5AB3B4760826A23A7E
